index,text,hate,audio
95214,gay people should die,1,/content/drive/MyDrive/IPD/code/audio/claude_tts/audio_0.mp3
108023,Why do so many filthy wetback half-breed spic savages live in #LosAngeles? None of them have any right at all to be here.,1,/content/drive/MyDrive/IPD/code/audio/claude_tts/audio_1.mp3
43311,Black football players are the most overrated thugs in all of sports!!,1,/content/drive/MyDrive/IPD/code/audio/claude_tts/audio_2.mp3
115778,Learn the fucking language you fucking useless immigrant.,1,/content/drive/MyDrive/IPD/code/audio/claude_tts/audio_3.mp3
99515,"This is why we won, because Americans know that giving these people power for another day is unacceptable. We need to fight back against the Synagogue and their White/Mexican/Black Communist useful idiots they get to do their dirty work for them. I am armed and I am ready for these scum if they try to resist being sent back to Mexico/Guatemala all these illegal invaders that want to invade our nations and change it to suit their savage ways. Illegals must die.",1,/content/drive/MyDrive/IPD/code/audio/claude_tts/audio_4.mp3
11102,I'm gonna warn you right now that I'm in a bad fucking mood. You need to shut your fucking mouth you fucking nazi loving ass sniffer. Your mom probably fucking prostitutes for food stamps you goddamn slut. You've probably fucked your whole family by now.,1,/content/drive/MyDrive/IPD/code/audio/claude_tts/audio_5.mp3
111436,"RT @JihadistJoe: We Muslims have no military honour whatsoever, we are sub human savages that slaughter unarmed men, women & children http:â€¦",1,/content/drive/MyDrive/IPD/code/audio/claude_tts/audio_6.mp3
67493,Trump needs to deport these maggots,1,/content/drive/MyDrive/IPD/code/audio/claude_tts/audio_7.mp3
63460,Indians go to hell,1,/content/drive/MyDrive/IPD/code/audio/claude_tts/audio_8.mp3
103825,"Careful what you wish for, you always wanted to feel a huge cock up your hole bitch so now whimper all you like, squeal & cry that ain't gonna stop this bull from raping your boi pussy apart he'll only stop when he is done and shoots his load and breed you URL",1,/content/drive/MyDrive/IPD/code/audio/claude_tts/audio_9.mp3
2731,LESBIAN DEMOCRAT UGLY WHORE,1,/content/drive/MyDrive/IPD/code/audio/claude_tts/audio_10.mp3
38486,""" Did you notice a sign out front that said dead nigger storage?""",1,/content/drive/MyDrive/IPD/code/audio/claude_tts/audio_11.mp3
3874,The pussy must be as crazy as her.,1,/content/drive/MyDrive/IPD/code/audio/claude_tts/audio_12.mp3
111051,That's no excuse for stealing other people's technology and research and intellectual property You're all a bunch of human cockroaches is what you are And your food is disgusting on top of that you assholes will eat anything to the point where you'll make any creature go extinct because of your fucking appetites You chinks are determined to eat every Pangolin until they are all wiped off the earth,1,/content/drive/MyDrive/IPD/code/audio/claude_tts/audio_13.mp3
107717,"RT @JihadistJoe: We Muslims have no military honour whatsoever, we are sub human savages that slaughter unarmed men, women & children http:â€¦",1,/content/drive/MyDrive/IPD/code/audio/claude_tts/audio_14.mp3
58029,Illegal immigrants. Get these space ni\*ggers out of here.,1,/content/drive/MyDrive/IPD/code/audio/claude_tts/audio_15.mp3
103700,"Careful what you wish for, you always wanted to feel a huge cock up your hole bitch so now whimper all you like, squeal & cry that ain't gonna stop this bull from raping your boi pussy apart he'll only stop when he is done and shoots his load and breed you URL",1,/content/drive/MyDrive/IPD/code/audio/claude_tts/audio_16.mp3
94796,trump is the only jews true friend. I hope trump will be the next US president and help Israel to kill all Palestinian fucking muslim. we will kill all muslim in the world.,1,/content/drive/MyDrive/IPD/code/audio/claude_tts/audio_17.mp3
86344,She should edge herself with a mouth full of cum,1,/content/drive/MyDrive/IPD/code/audio/claude_tts/audio_18.mp3
67750,@Breaking911 @BKactualPodcast Can we go to their country and kill their people with impunity?,1,/content/drive/MyDrive/IPD/code/audio/claude_tts/audio_19.mp3
72383,"Don't you have a Walmart to shoot up or something? Grow the fuck up, incel.",1,/content/drive/MyDrive/IPD/code/audio/claude_tts/audio_20.mp3
72731,"Too bad you got nothing to ""attack hard"" with. Little punk-ass spitweasel muslim.",1,/content/drive/MyDrive/IPD/code/audio/claude_tts/audio_21.mp3
22500,"You're disgusting, you should just kill yourself you disgusting piece of trash, just stop being a waste of space and end it, can't you just be a normal fucking person and keep your dick? Why would you want to get rid of your dick? That's just retarded and a waste of time and money. Why would you do that? Just use your asshole you fucking tard. Non of this shit even makes sense just keep your dick and kill yourself",1,/content/drive/MyDrive/IPD/code/audio/claude_tts/audio_22.mp3
68400,Mind your business fucking niggers URL,1,/content/drive/MyDrive/IPD/code/audio/claude_tts/audio_23.mp3
34537,"@ejmrulz I hope its more autistic, more filthy and offensive that it will susan shit her pants and cry like a bitch while susan sucks amy schumers fat ugly pig titties for milk.",1,/content/drive/MyDrive/IPD/code/audio/claude_tts/audio_24.mp3
98575,trump is the only jews true friend. I hope trump will be the next US president and help Israel to kill all Palestinian fucking muslim. we will kill all muslim in the world.,1,/content/drive/MyDrive/IPD/code/audio/claude_tts/audio_25.mp3
117706,Learn the fucking language you fucking useless immigrant.,1,/content/drive/MyDrive/IPD/code/audio/claude_tts/audio_26.mp3
119977,Looks like a nigger with their typical retarded haircuts,1,/content/drive/MyDrive/IPD/code/audio/claude_tts/audio_27.mp3
10977,Dis nigga daddy shoulda just shot him and his brova on the fucking sheet or his mova shoulda just swallowed that nut cuz these niggas is a waste of fucking space,1,/content/drive/MyDrive/IPD/code/audio/claude_tts/audio_28.mp3
32326,Go suck the lispy queer's dick,1,/content/drive/MyDrive/IPD/code/audio/claude_tts/audio_29.mp3
9461,Strangle those hoes,1,/content/drive/MyDrive/IPD/code/audio/claude_tts/audio_30.mp3
102888,Fuck you fuck you you stupid cheating bitch go lick a dick and die ur a stupid nigger bitch,1,/content/drive/MyDrive/IPD/code/audio/claude_tts/audio_31.mp3
93122,Hitler didn't finish it. Can u. If a nigger ur Jew confronts u in the street what then.,1,/content/drive/MyDrive/IPD/code/audio/claude_tts/audio_32.mp3
109994,"They all need to be Kicked, taken out of our country. Obama brought them all in Illegally. Send the Trash back to there own country",1,/content/drive/MyDrive/IPD/code/audio/claude_tts/audio_33.mp3
22882,@jpsin1 @ZomatoIN Can we cancel oil from Gulf? I think it's muslim oil. Human are embracing characterstics of animals. May God blessed wisdom to all.,1,/content/drive/MyDrive/IPD/code/audio/claude_tts/audio_34.mp3
19808,I think all balochistan girls need raping anally,1,/content/drive/MyDrive/IPD/code/audio/claude_tts/audio_35.mp3
107732,"@Cam_Coles You don't know what I know. Name somebody colder, you monkey faced immigrant",1,/content/drive/MyDrive/IPD/code/audio/claude_tts/audio_36.mp3
97162,"yeah, heres a clue for the nigger author of this article. Chinks hate niggers, Kikes hate niggers, Spicks hate niggers and Towelheads hate niggers. EVen niggers hate niggers. Black Africans hate the gauche lazy American blacks because they have no morals or work ethic. Niggrus Americanus is the lowest form of human (if you can even call them that) on the planet, we should erase them",1,/content/drive/MyDrive/IPD/code/audio/claude_tts/audio_37.mp3
119868,shut the fuck up you dumb black bitch,1,/content/drive/MyDrive/IPD/code/audio/claude_tts/audio_38.mp3
117146,do you have autism or something? why do you talk like a disgusting retard?,1,/content/drive/MyDrive/IPD/code/audio/claude_tts/audio_39.mp3
111261,Why do so many filthy wetback half-breed spic savages live in #LosAngeles? None of them have any right at all to be here.,1,/content/drive/MyDrive/IPD/code/audio/claude_tts/audio_40.mp3
16014,"Suck my fatso cock, sunni rat",1,/content/drive/MyDrive/IPD/code/audio/claude_tts/audio_41.mp3
103814,"Hey ,muslim dickhead !!!!!!!! Why don;t you go and shove Allah or whatever the fuck you call the retard up your stupid backwards ass !!!!!!!!! You fucking muslims are a bunch of jealous west hating mongs, Islam is a peaceful religion, BULLSHIT !!!!!!! There are many times when it refers to violence. So go strap on your suicide bomb and blow yourself up. yey, one less feeble minded prick ion the world.",1,/content/drive/MyDrive/IPD/code/audio/claude_tts/audio_42.mp3
66626,Dirty little bitch.. I need to punish you with my cock in your ass!,1,/content/drive/MyDrive/IPD/code/audio/claude_tts/audio_43.mp3
107437,"Careful what you wish for, you always wanted to feel a huge cock up your hole bitch so now whimper all you like, squeal & cry that ain't gonna stop this bull from raping your boi pussy apart he'll only stop when he is done and shoots his load and breed you URL",1,/content/drive/MyDrive/IPD/code/audio/claude_tts/audio_44.mp3
63282,All immigrants are trash this is a white country Trump 2020,1,/content/drive/MyDrive/IPD/code/audio/claude_tts/audio_45.mp3
39675,"ITT: Cunt spits in Ape Retard's face Ape Retard pries door open, knocks Cunt unconscious, kicks Cunt's head into concrete, and screams ""nigger"" three times while evading the scene. What the fuck, Ape Retard needs to be charged",1,/content/drive/MyDrive/IPD/code/audio/claude_tts/audio_46.mp3
50397,ugly niggas every stateðŸ¥´ URL,1,/content/drive/MyDrive/IPD/code/audio/claude_tts/audio_47.mp3
30634,"If it wasn't about money, none of you lying so called Christians would even care.",1,/content/drive/MyDrive/IPD/code/audio/claude_tts/audio_48.mp3
106982,Fuck you fuck you you stupid cheating bitch go lick a dick and die ur a stupid nigger bitch,1,/content/drive/MyDrive/IPD/code/audio/claude_tts/audio_49.mp3
111168,"My God look at these BARBARIC PPL. And these pigs all watching. They r a very, very sick culture. And Omar and Rashid want this crap here. This is America not the Middle East. Round them up and send them home.",1,/content/drive/MyDrive/IPD/code/audio/claude_tts/audio_50.mp3
48386,what a stupid bitch,1,/content/drive/MyDrive/IPD/code/audio/claude_tts/audio_51.mp3
100729,#whitepower...I'll hang you nigger,1,/content/drive/MyDrive/IPD/code/audio/claude_tts/audio_52.mp3
11035,"As a reference:    Not all gays are fags, nor are all fags gays.    But Carlos is one gay as fuck fag.",1,/content/drive/MyDrive/IPD/code/audio/claude_tts/audio_53.mp3
98688,"yeah, heres a clue for the nigger author of this article. Chinks hate niggers, Kikes hate niggers, Spicks hate niggers and Towelheads hate niggers. EVen niggers hate niggers. Black Africans hate the gauche lazy American blacks because they have no morals or work ethic. Niggrus Americanus is the lowest form of human (if you can even call them that) on the planet, we should erase them",1,/content/drive/MyDrive/IPD/code/audio/claude_tts/audio_54.mp3
77862,Daddy i dont know how to tell you this but im fucking faggot whore #faggot #gayslave #gaymaster URL,1,/content/drive/MyDrive/IPD/code/audio/claude_tts/audio_55.mp3
100203,ayo i even kill handicapped and crippled bitches/look at my scalp real close and you'll see triple sixes,1,/content/drive/MyDrive/IPD/code/audio/claude_tts/audio_56.mp3
99527,trump is the only jews true friend. I hope trump will be the next US president and help Israel to kill all Palestinian fucking muslim. we will kill all muslim in the world.,1,/content/drive/MyDrive/IPD/code/audio/claude_tts/audio_57.mp3
102013,"Hey ,muslim dickhead !!!!!!!! Why don;t you go and shove Allah or whatever the fuck you call the retard up your stupid backwards ass !!!!!!!!! You fucking muslims are a bunch of jealous west hating mongs, Islam is a peaceful religion, BULLSHIT !!!!!!! There are many times when it refers to violence. So go strap on your suicide bomb and blow yourself up. yey, one less feeble minded prick ion the world.",1,/content/drive/MyDrive/IPD/code/audio/claude_tts/audio_58.mp3
12138,"I hope they burnt it down. A building made partially of repurposed religious structure, seems fitting",1,/content/drive/MyDrive/IPD/code/audio/claude_tts/audio_59.mp3
95144,i hate jews so much i wish the holocaust actually happened,1,/content/drive/MyDrive/IPD/code/audio/claude_tts/audio_60.mp3
4475,Kill yourself cunt,1,/content/drive/MyDrive/IPD/code/audio/claude_tts/audio_61.mp3
96649,trump is the only jews true friend. I hope trump will be the next US president and help Israel to kill all Palestinian fucking muslim. we will kill all muslim in the world.,1,/content/drive/MyDrive/IPD/code/audio/claude_tts/audio_62.mp3
39070,I can't remember which one of the four horsemen set it but didn't one of them back Louis Farrakhan who thinks that all Jews and all white people need to die?,1,/content/drive/MyDrive/IPD/code/audio/claude_tts/audio_63.mp3
50994,He's deadass got giant red lips you slackjawed mook,1,/content/drive/MyDrive/IPD/code/audio/claude_tts/audio_64.mp3
55316,You have the ability to put a condom so start from there. 50m babies are murdered cuz the mother is a hoe and can't wear a condom.,1,/content/drive/MyDrive/IPD/code/audio/claude_tts/audio_65.mp3
58706,"BECAUSE I CAN AND BECAUSE ITS LIKE THAT FOR TRASH LIKE YOU HOES  DISTURBING 'SCREWING TOO THE TOP"" BUT (((ESPECIALLY))) HEAVEN WOW THE VOLUME BEHIND THAT DATE RAPE DRUG THEN RAPED THEN DRAGGED THEN IMPREGNATED DONE LET'S TAKE OUT THE TRASH FIRST AMEN",1,/content/drive/MyDrive/IPD/code/audio/claude_tts/audio_66.mp3
7464,Try have dirty Muslim MAYOR in Pakistan or any Muslim country. What has happened to the UK. All these Islamic non assimilating state sucking sponges. Get rid of the ruling elite and the corrupt government controlled media and stop the Islamification of Western countries now before it is too late.,1,/content/drive/MyDrive/IPD/code/audio/claude_tts/audio_67.mp3
28800,"@claudio rabsten i'm gone beat the fck out of all you camp bucca terrorist motherfuckers until your mamas starting laying eggs, lol...you think you can grow a beard and pass for an arab terrorist? wait til you see my machete, lol",1,/content/drive/MyDrive/IPD/code/audio/claude_tts/audio_68.mp3
93881,@Legionary1488 @JomavaesJos now we have a Ebloa case in Texas. If we kill all the niggers we might be safe.,1,/content/drive/MyDrive/IPD/code/audio/claude_tts/audio_69.mp3
58433,"Thanks fag, Lemme suck u",1,/content/drive/MyDrive/IPD/code/audio/claude_tts/audio_70.mp3
100588,"GET RID OF THOSE FUCKING MUSLIMS! the nasty ones that won't assimilate, rape women, beat children, threaten democracy, plan terror attacks, assault innocent secular people and force their disgusting religion on everyone else by way of violence. Assimilate OR GET THE FUCK OUT OR BE PREPARED TO DIE!",1,/content/drive/MyDrive/IPD/code/audio/claude_tts/audio_71.mp3
121068,Looks like a nigger with their typical retarded haircuts,1,/content/drive/MyDrive/IPD/code/audio/claude_tts/audio_72.mp3
3746,"oh please. this Tunisian Love Rat *needs* to be exploited on liberated american trash tv as the first step towards breaking down the sexist, centuries-old mindset he's been conditioned to live by. i'm supposed to feel bad for him? he probably fucks like the amish.",1,/content/drive/MyDrive/IPD/code/audio/claude_tts/audio_73.mp3
115250,Learn the fucking language you fucking useless immigrant.,1,/content/drive/MyDrive/IPD/code/audio/claude_tts/audio_74.mp3
115467,Learn the fucking language you fucking useless immigrant.,1,/content/drive/MyDrive/IPD/code/audio/claude_tts/audio_75.mp3
105737,"Hey ,muslim dickhead !!!!!!!! Why don;t you go and shove Allah or whatever the fuck you call the retard up your stupid backwards ass !!!!!!!!! You fucking muslims are a bunch of jealous west hating mongs, Islam is a peaceful religion, BULLSHIT !!!!!!! There are many times when it refers to violence. So go strap on your suicide bomb and blow yourself up. yey, one less feeble minded prick ion the world.",1,/content/drive/MyDrive/IPD/code/audio/claude_tts/audio_76.mp3
113992,"GEEZ..... I think #NorthKorea may be right. #BarackObama is a monkey! Surely acts like one.   URL""",1,/content/drive/MyDrive/IPD/code/audio/claude_tts/audio_77.mp3
14344,I'm lowkey mean to niggas til I'm in a relationship. Bitch get all mushy and submissive n shit whole damn persona changes,1,/content/drive/MyDrive/IPD/code/audio/claude_tts/audio_78.mp3
98606,gay people should die,1,/content/drive/MyDrive/IPD/code/audio/claude_tts/audio_79.mp3
30508,"There are times where I end up losing control and end up slapping an inferior fag even harder then normal. ""Thank you Sir"" it whimpers as I spit all over its dirty face. How pathetic is that? My dirty cash fags crawl to me by the minute ðŸ˜‚ðŸ˜‚ #findom #cashmaster URL",1,/content/drive/MyDrive/IPD/code/audio/claude_tts/audio_80.mp3
99789,gay people should die,1,/content/drive/MyDrive/IPD/code/audio/claude_tts/audio_81.mp3
112202,"GEEZ..... I think #NorthKorea may be right. #BarackObama is a monkey! Surely acts like one.   URL""",1,/content/drive/MyDrive/IPD/code/audio/claude_tts/audio_82.mp3
107972,Why do so many filthy wetback half-breed spic savages live in #LosAngeles? None of them have any right at all to be here.,1,/content/drive/MyDrive/IPD/code/audio/claude_tts/audio_83.mp3
33944,Fox Viewers are gross. Women who support this admistration are horrible people. God Help US,1,/content/drive/MyDrive/IPD/code/audio/claude_tts/audio_84.mp3
31521,You need help porki. Inbreeding and praying to a pedophile named mohammed wont help your porkishitstan shithole.,1,/content/drive/MyDrive/IPD/code/audio/claude_tts/audio_85.mp3
6204,"CNN and PMSNBC = HOMOSEXUALS, BULLDYKE LESBIANS , PEDOPHILES and ASSCLOWNS",1,/content/drive/MyDrive/IPD/code/audio/claude_tts/audio_86.mp3
98093,gay people should die,1,/content/drive/MyDrive/IPD/code/audio/claude_tts/audio_87.mp3
116770,Learn the fucking language you fucking useless immigrant.,1,/content/drive/MyDrive/IPD/code/audio/claude_tts/audio_88.mp3
114892,"@Cam_Coles You don't know what I know. Name somebody colder, you monkey faced immigrant",1,/content/drive/MyDrive/IPD/code/audio/claude_tts/audio_89.mp3
116760,Fucking fagot burn in hell,1,/content/drive/MyDrive/IPD/code/audio/claude_tts/audio_90.mp3
105414,#whitepower...I'll hang you nigger,1,/content/drive/MyDrive/IPD/code/audio/claude_tts/audio_91.mp3
110999,Why do so many filthy wetback half-breed spic savages live in #LosAngeles? None of them have any right at all to be here.,1,/content/drive/MyDrive/IPD/code/audio/claude_tts/audio_92.mp3
8151,Fuck that nigga.,1,/content/drive/MyDrive/IPD/code/audio/claude_tts/audio_93.mp3
97779,Hitler didn't finish it. Can u. If a nigger ur Jew confronts u in the street what then.,1,/content/drive/MyDrive/IPD/code/audio/claude_tts/audio_94.mp3
94370,"yeah, heres a clue for the nigger author of this article. Chinks hate niggers, Kikes hate niggers, Spicks hate niggers and Towelheads hate niggers. EVen niggers hate niggers. Black Africans hate the gauche lazy American blacks because they have no morals or work ethic. Niggrus Americanus is the lowest form of human (if you can even call them that) on the planet, we should erase them",1,/content/drive/MyDrive/IPD/code/audio/claude_tts/audio_95.mp3
39795,I have a few. Don't lower yourself to fucking fat ugly men and black men because they have a big cock. They are uglier than hell. If you want someone to play with or smash on you give me a ring,1,/content/drive/MyDrive/IPD/code/audio/claude_tts/audio_96.mp3
16320,U a bitch. Get his nuts out ya mouth,1,/content/drive/MyDrive/IPD/code/audio/claude_tts/audio_97.mp3
81925,I killed fity men for my country and you voted for a gay nigger President twice? URL,1,/content/drive/MyDrive/IPD/code/audio/claude_tts/audio_98.mp3
120565,Stupid Asian Bitch You're an idiot and you should go back to ching chong land,1,/content/drive/MyDrive/IPD/code/audio/claude_tts/audio_99.mp3
101913,"GET RID OF THOSE FUCKING MUSLIMS! the nasty ones that won't assimilate, rape women, beat children, threaten democracy, plan terror attacks, assault innocent secular people and force their disgusting religion on everyone else by way of violence. Assimilate OR GET THE FUCK OUT OR BE PREPARED TO DIE!",1,/content/drive/MyDrive/IPD/code/audio/claude_tts/audio_100.mp3
53852,".. next thing you know, she's getting properly #fingered in public and loving it more than you thought possible - and so are you, and as your #exhibitionist girlfriend becomnes a #hotwife you change from being a #candaulist to a '#cuckold URL",1,/content/drive/MyDrive/IPD/code/audio/claude_tts/audio_101.mp3
121552,do you have autism or something? why do you talk like a disgusting retard?,1,/content/drive/MyDrive/IPD/code/audio/claude_tts/audio_102.mp3
107426,ayo i even kill handicapped and crippled bitches/look at my scalp real close and you'll see triple sixes,1,/content/drive/MyDrive/IPD/code/audio/claude_tts/audio_103.mp3
92470,Hitler didn't finish it. Can u. If a nigger ur Jew confronts u in the street what then.,1,/content/drive/MyDrive/IPD/code/audio/claude_tts/audio_104.mp3
97464,gay people should die,1,/content/drive/MyDrive/IPD/code/audio/claude_tts/audio_105.mp3
98209,"""@iamkrause: No need to thank me, killing niggers is it's own reward.""  Dis my pal from our graduation when we was 26",1,/content/drive/MyDrive/IPD/code/audio/claude_tts/audio_106.mp3
103374,Every slant in #LosAngeles should be deported. Those scum have no right to be here. Chinatown should be bulldozed.,1,/content/drive/MyDrive/IPD/code/audio/claude_tts/audio_107.mp3
109063,There are not any jew signatures on our Declaration of Independence Those subversive Babylonian blood sucking serpent seed Kenite vampires are not out Founding Fathers posterity. They are not our brethren. They are Christ killers. They are Anti-Christ.,1,/content/drive/MyDrive/IPD/code/audio/claude_tts/audio_108.mp3
70128,"just a trump supporter incel retard, carry on",1,/content/drive/MyDrive/IPD/code/audio/claude_tts/audio_109.mp3
17244,"And you just wrote a whole fuckin paragraph in response to me, so fuck off you faggot loving dumbass",1,/content/drive/MyDrive/IPD/code/audio/claude_tts/audio_110.mp3
62296,Damn these liberals aren't very tolerant. So what if he has a stick up his hass? How homophobic.,1,/content/drive/MyDrive/IPD/code/audio/claude_tts/audio_111.mp3
65260,Totally would have her in the alley afterwards with my cock up her tight ass. She can only plead no as I cum in her teasing ass.,1,/content/drive/MyDrive/IPD/code/audio/claude_tts/audio_112.mp3
27515,i hope your sisters are raped and you are forced to look at their bodies fucker,1,/content/drive/MyDrive/IPD/code/audio/claude_tts/audio_113.mp3
40341,This nigga look like one of them red faced monkeys from the himalayas,1,/content/drive/MyDrive/IPD/code/audio/claude_tts/audio_114.mp3
103182,#whitepower...I'll hang you nigger,1,/content/drive/MyDrive/IPD/code/audio/claude_tts/audio_115.mp3
46487,Abort the 3rd world!!,1,/content/drive/MyDrive/IPD/code/audio/claude_tts/audio_116.mp3
102582,"JEW Get the fuck out of here you jewish son of a bitch, I'll rape your fucking family if you don't leave you semite bastard. I will shoot you if you return, because you're a dirty semite, I hope you choke on a fucking bagel, prick. Shalom. We Came In?",1,/content/drive/MyDrive/IPD/code/audio/claude_tts/audio_117.mp3
66332,Drake was sending kanye purple demon emojis and kanye started fearing for his life. how is this nigga from chicago,1,/content/drive/MyDrive/IPD/code/audio/claude_tts/audio_118.mp3
120926,do you have autism or something? why do you talk like a disgusting retard?,1,/content/drive/MyDrive/IPD/code/audio/claude_tts/audio_119.mp3
51867,"motherfucking come make me, bitch",1,/content/drive/MyDrive/IPD/code/audio/claude_tts/audio_120.mp3
93620,Hitler didn't finish it. Can u. If a nigger ur Jew confronts u in the street what then.,1,/content/drive/MyDrive/IPD/code/audio/claude_tts/audio_121.mp3
20519,@omer6830 @BaxtiyarGoran Go fuck yourself if you muslim you hypocrite. Bye,1,/content/drive/MyDrive/IPD/code/audio/claude_tts/audio_122.mp3
66729,"Good, fuck America. We need to isolate them to the point they stop fucking up the world. Without America for the last 30 years the world would be a much better place. These people love killing, hate the environment, love war crimes. What good are they?",1,/content/drive/MyDrive/IPD/code/audio/claude_tts/audio_123.mp3
113920,"@Cam_Coles You don't know what I know. Name somebody colder, you monkey faced immigrant",1,/content/drive/MyDrive/IPD/code/audio/claude_tts/audio_124.mp3
102177,"GET RID OF THOSE FUCKING MUSLIMS! the nasty ones that won't assimilate, rape women, beat children, threaten democracy, plan terror attacks, assault innocent secular people and force their disgusting religion on everyone else by way of violence. Assimilate OR GET THE FUCK OUT OR BE PREPARED TO DIE!",1,/content/drive/MyDrive/IPD/code/audio/claude_tts/audio_125.mp3
63716,Fuck crackers,1,/content/drive/MyDrive/IPD/code/audio/claude_tts/audio_126.mp3
26937,look at this fucking Fagget,1,/content/drive/MyDrive/IPD/code/audio/claude_tts/audio_127.mp3
108585,"My God look at these BARBARIC PPL. And these pigs all watching. They r a very, very sick culture. And Omar and Rashid want this crap here. This is America not the Middle East. Round them up and send them home.",1,/content/drive/MyDrive/IPD/code/audio/claude_tts/audio_128.mp3
112453,Why do so many filthy wetback half-breed spic savages live in #LosAngeles? None of them have any right at all to be here.,1,/content/drive/MyDrive/IPD/code/audio/claude_tts/audio_129.mp3
102851,"At 7:19 is why I hate people, women especially look how mad she got just because the dog splashed her.. f*** you you stupid b**** either have fun or go kill yourself",1,/content/drive/MyDrive/IPD/code/audio/claude_tts/audio_130.mp3
56721,White bitches! Ruining baseball since 1869.,1,/content/drive/MyDrive/IPD/code/audio/claude_tts/audio_131.mp3
39697,wish niggas could network just as much as they beef.,1,/content/drive/MyDrive/IPD/code/audio/claude_tts/audio_132.mp3
66442,Post the shit or kill yourself faggot,1,/content/drive/MyDrive/IPD/code/audio/claude_tts/audio_133.mp3
21154,@thekillakay_ I just wanna know what this nigga brain shaped like,1,/content/drive/MyDrive/IPD/code/audio/claude_tts/audio_134.mp3
111851,That's no excuse for stealing other people's technology and research and intellectual property You're all a bunch of human cockroaches is what you are And your food is disgusting on top of that you assholes will eat anything to the point where you'll make any creature go extinct because of your fucking appetites You chinks are determined to eat every Pangolin until they are all wiped off the earth,1,/content/drive/MyDrive/IPD/code/audio/claude_tts/audio_135.mp3
100028,"At 7:19 is why I hate people, women especially look how mad she got just because the dog splashed her.. f*** you you stupid b**** either have fun or go kill yourself",1,/content/drive/MyDrive/IPD/code/audio/claude_tts/audio_136.mp3
112358,Keep the fucking Mexican scum rapists and murderers out of the country and the fucking Arab Islamic terrorists out of the U.S. too!! No Syrian refugees either!! Build a wall and keep all of these fucking parasites out of the United States. We'll round up the ones here illegally and ship them the fuck out!!!!,1,/content/drive/MyDrive/IPD/code/audio/claude_tts/audio_137.mp3
92977,"This is why we won, because Americans know that giving these people power for another day is unacceptable. We need to fight back against the Synagogue and their White/Mexican/Black Communist useful idiots they get to do their dirty work for them. I am armed and I am ready for these scum if they try to resist being sent back to Mexico/Guatemala all these illegal invaders that want to invade our nations and change it to suit their savage ways. Illegals must die.",1,/content/drive/MyDrive/IPD/code/audio/claude_tts/audio_138.mp3
8877,"Im sick of this shit, they have to turn everything gay LGBT should be illegal",1,/content/drive/MyDrive/IPD/code/audio/claude_tts/audio_139.mp3
99466,i hate jews so much i wish the holocaust actually happened,1,/content/drive/MyDrive/IPD/code/audio/claude_tts/audio_140.mp3
29183,"We in Israel feel sorry for you ... It is sad to see people so dumb who pray for a dry Jewish mummy who died 2,000 years ago and think she will wake up ... If this is your God you are really miserable ... Your God is dead bleeding and crying on the cross like a hysterical 5 year old girl .. He cried to to get help ... To himself he could not help .. So he will help you? If I were you I'd feel sorry for yourself.",1,/content/drive/MyDrive/IPD/code/audio/claude_tts/audio_141.mp3
10245,"No you fucking idiot, beat the shit out of her lol",1,/content/drive/MyDrive/IPD/code/audio/claude_tts/audio_142.mp3
27047,Trump is right..ALL immigrants who arrived after 1492 should GO HOME!!,1,/content/drive/MyDrive/IPD/code/audio/claude_tts/audio_143.mp3
113930,"My God look at these BARBARIC PPL. And these pigs all watching. They r a very, very sick culture. And Omar and Rashid want this crap here. This is America not the Middle East. Round them up and send them home.",1,/content/drive/MyDrive/IPD/code/audio/claude_tts/audio_144.mp3
64899,That little island is too inbred to do anything without the help of France and the USA,1,/content/drive/MyDrive/IPD/code/audio/claude_tts/audio_145.mp3
100357,#whitepower...I'll hang you nigger,1,/content/drive/MyDrive/IPD/code/audio/claude_tts/audio_146.mp3
9653,Burn them I say That rattles the filthy Pakistani pigs,1,/content/drive/MyDrive/IPD/code/audio/claude_tts/audio_147.mp3
100950,"Hey ,muslim dickhead !!!!!!!! Why don;t you go and shove Allah or whatever the fuck you call the retard up your stupid backwards ass !!!!!!!!! You fucking muslims are a bunch of jealous west hating mongs, Islam is a peaceful religion, BULLSHIT !!!!!!! There are many times when it refers to violence. So go strap on your suicide bomb and blow yourself up. yey, one less feeble minded prick ion the world.",1,/content/drive/MyDrive/IPD/code/audio/claude_tts/audio_148.mp3
109447,"RT @JihadistJoe: We Muslims have no military honour whatsoever, we are sub human savages that slaughter unarmed men, women & children http:â€¦",1,/content/drive/MyDrive/IPD/code/audio/claude_tts/audio_149.mp3
119888,Looks like a nigger with their typical retarded haircuts,1,/content/drive/MyDrive/IPD/code/audio/claude_tts/audio_150.mp3
94109,i hate jews so much i wish the holocaust actually happened,1,/content/drive/MyDrive/IPD/code/audio/claude_tts/audio_151.mp3
100245,Fuck you fuck you you stupid cheating bitch go lick a dick and die ur a stupid nigger bitch,1,/content/drive/MyDrive/IPD/code/audio/claude_tts/audio_152.mp3
120523,"Niggers and their liberal friends steal everything not tied down, just like the presidency here with acorn with its liberal defenders, FUCK YOU NIGGER OBOAMA!",1,/content/drive/MyDrive/IPD/code/audio/claude_tts/audio_153.mp3
98495,i hate jews so much i wish the holocaust actually happened,1,/content/drive/MyDrive/IPD/code/audio/claude_tts/audio_154.mp3
114541,"@Cam_Coles You don't know what I know. Name somebody colder, you monkey faced immigrant",1,/content/drive/MyDrive/IPD/code/audio/claude_tts/audio_155.mp3
96403,gay people should die,1,/content/drive/MyDrive/IPD/code/audio/claude_tts/audio_156.mp3
118466,do you have autism or something? why do you talk like a disgusting retard?,1,/content/drive/MyDrive/IPD/code/audio/claude_tts/audio_157.mp3
110786,"GEEZ..... I think #NorthKorea may be right. #BarackObama is a monkey! Surely acts like one.   URL""",1,/content/drive/MyDrive/IPD/code/audio/claude_tts/audio_158.mp3
107615,"GEEZ..... I think #NorthKorea may be right. #BarackObama is a monkey! Surely acts like one.   URL""",1,/content/drive/MyDrive/IPD/code/audio/claude_tts/audio_159.mp3
6193,Ugly ass bitch go back to the hole you came out of,1,/content/drive/MyDrive/IPD/code/audio/claude_tts/audio_160.mp3
95709,@Legionary1488 @JomavaesJos now we have a Ebloa case in Texas. If we kill all the niggers we might be safe.,1,/content/drive/MyDrive/IPD/code/audio/claude_tts/audio_161.mp3
110654,"@Cam_Coles You don't know what I know. Name somebody colder, you monkey faced immigrant",1,/content/drive/MyDrive/IPD/code/audio/claude_tts/audio_162.mp3
112600,That's no excuse for stealing other people's technology and research and intellectual property You're all a bunch of human cockroaches is what you are And your food is disgusting on top of that you assholes will eat anything to the point where you'll make any creature go extinct because of your fucking appetites You chinks are determined to eat every Pangolin until they are all wiped off the earth,1,/content/drive/MyDrive/IPD/code/audio/claude_tts/audio_163.mp3
41066,If you cant fuck em' during broad day light maybe you shouldnt be fucking em' periodttttt,1,/content/drive/MyDrive/IPD/code/audio/claude_tts/audio_164.mp3
42654,"You're a white trash, racist, piece of shit.",1,/content/drive/MyDrive/IPD/code/audio/claude_tts/audio_165.mp3
1890,"This mod is a fucking phaggot, ban me you fucking coward",1,/content/drive/MyDrive/IPD/code/audio/claude_tts/audio_166.mp3
106546,ayo i even kill handicapped and crippled bitches/look at my scalp real close and you'll see triple sixes,1,/content/drive/MyDrive/IPD/code/audio/claude_tts/audio_167.mp3
126,"""I'm trying to take you out"" to ""you don't look good enough to rape"". i have a headache, where do y'all even come from because wtf URL",1,/content/drive/MyDrive/IPD/code/audio/claude_tts/audio_168.mp3
106382,"At 7:19 is why I hate people, women especially look how mad she got just because the dog splashed her.. f*** you you stupid b**** either have fun or go kill yourself",1,/content/drive/MyDrive/IPD/code/audio/claude_tts/audio_169.mp3
96199,@Legionary1488 @JomavaesJos now we have a Ebloa case in Texas. If we kill all the niggers we might be safe.,1,/content/drive/MyDrive/IPD/code/audio/claude_tts/audio_170.mp3
33101,Iran deserve to get invaded by the us and the uk,1,/content/drive/MyDrive/IPD/code/audio/claude_tts/audio_171.mp3
48130,Religion of piss. Fuck Islam.,1,/content/drive/MyDrive/IPD/code/audio/claude_tts/audio_172.mp3
100849,"JEW Get the fuck out of here you jewish son of a bitch, I'll rape your fucking family if you don't leave you semite bastard. I will shoot you if you return, because you're a dirty semite, I hope you choke on a fucking bagel, prick. Shalom. We Came In?",1,/content/drive/MyDrive/IPD/code/audio/claude_tts/audio_173.mp3
103907,"Careful what you wish for, you always wanted to feel a huge cock up your hole bitch so now whimper all you like, squeal & cry that ain't gonna stop this bull from raping your boi pussy apart he'll only stop when he is done and shoots his load and breed you URL",1,/content/drive/MyDrive/IPD/code/audio/claude_tts/audio_174.mp3
109005,"GEEZ..... I think #NorthKorea may be right. #BarackObama is a monkey! Surely acts like one.   URL""",1,/content/drive/MyDrive/IPD/code/audio/claude_tts/audio_175.mp3
96415,"""@iamkrause: No need to thank me, killing niggers is it's own reward.""  Dis my pal from our graduation when we was 26",1,/content/drive/MyDrive/IPD/code/audio/claude_tts/audio_176.mp3
105498,"Hey ,muslim dickhead !!!!!!!! Why don;t you go and shove Allah or whatever the fuck you call the retard up your stupid backwards ass !!!!!!!!! You fucking muslims are a bunch of jealous west hating mongs, Islam is a peaceful religion, BULLSHIT !!!!!!! There are many times when it refers to violence. So go strap on your suicide bomb and blow yourself up. yey, one less feeble minded prick ion the world.",1,/content/drive/MyDrive/IPD/code/audio/claude_tts/audio_177.mp3
99010,gay people should die,1,/content/drive/MyDrive/IPD/code/audio/claude_tts/audio_178.mp3
74625,"This faggot is under the influence of dick fuck this homo and his subversion tactics. USA was founded for white Christian people, if you're not one or the other than leave.",1,/content/drive/MyDrive/IPD/code/audio/claude_tts/audio_179.mp3
111522,"RT @JihadistJoe: We Muslims have no military honour whatsoever, we are sub human savages that slaughter unarmed men, women & children http:â€¦",1,/content/drive/MyDrive/IPD/code/audio/claude_tts/audio_180.mp3
100453,"JEW Get the fuck out of here you jewish son of a bitch, I'll rape your fucking family if you don't leave you semite bastard. I will shoot you if you return, because you're a dirty semite, I hope you choke on a fucking bagel, prick. Shalom. We Came In?",1,/content/drive/MyDrive/IPD/code/audio/claude_tts/audio_181.mp3
29454,"> If a bunch of fucking idiots are helping the West swing wildly towarda fascism, would you fight them? Yeah thats why we don't like you hat stealing little goofs. You need a good boot in your mouth to help fix your already fucked up teeth.",1,/content/drive/MyDrive/IPD/code/audio/claude_tts/audio_182.mp3
23543,Early Christians locked the doors during Liturgy so no one would break in and kill them. Now Christians will have to lock the doors so faggots won't break in desecrate the church,1,/content/drive/MyDrive/IPD/code/audio/claude_tts/audio_183.mp3
92767,"yeah, heres a clue for the nigger author of this article. Chinks hate niggers, Kikes hate niggers, Spicks hate niggers and Towelheads hate niggers. EVen niggers hate niggers. Black Africans hate the gauche lazy American blacks because they have no morals or work ethic. Niggrus Americanus is the lowest form of human (if you can even call them that) on the planet, we should erase them",1,/content/drive/MyDrive/IPD/code/audio/claude_tts/audio_184.mp3
28923,UP THE FUCKING SERBS,1,/content/drive/MyDrive/IPD/code/audio/claude_tts/audio_185.mp3
74857,"You can round them up just like I E did to the ""illegal immigrants"" and take them out back and hang them",1,/content/drive/MyDrive/IPD/code/audio/claude_tts/audio_186.mp3
84,"""where they ultimately need to be"" is back in the fucking Congo you morons URL",1,/content/drive/MyDrive/IPD/code/audio/claude_tts/audio_187.mp3
106755,Every slant in #LosAngeles should be deported. Those scum have no right to be here. Chinatown should be bulldozed.,1,/content/drive/MyDrive/IPD/code/audio/claude_tts/audio_188.mp3
56904,"Fucking Feminists and bitch ass Lezbeeyuhnz are ruining all the great movies, Now we have Batwoman, Supergirl, Madmax, Ghostbusters, C.Marvel, and now this piece of SHIT. IT'S FUCKING ENOUGH THOTS.",1,/content/drive/MyDrive/IPD/code/audio/claude_tts/audio_189.mp3
72246,Fuck a land invasion- this is 2019. Send in our weaponized insect-drones and wipe out all them terrorists.,1,/content/drive/MyDrive/IPD/code/audio/claude_tts/audio_190.mp3
66559,I put my dick in a bag of Doritos and made this nigga bitch suck the dust off the tip,1,/content/drive/MyDrive/IPD/code/audio/claude_tts/audio_191.mp3
110262,There are not any jew signatures on our Declaration of Independence Those subversive Babylonian blood sucking serpent seed Kenite vampires are not out Founding Fathers posterity. They are not our brethren. They are Christ killers. They are Anti-Christ.,1,/content/drive/MyDrive/IPD/code/audio/claude_tts/audio_192.mp3
117875,@L1LTR4P fucking losers wetbacks #SorryNotSorry,1,/content/drive/MyDrive/IPD/code/audio/claude_tts/audio_193.mp3
115333,"STOP SUCKING THAT FATASS' DICK, YOU NIGGERLOVING KIKE",1,/content/drive/MyDrive/IPD/code/audio/claude_tts/audio_194.mp3
99031,"""@iamkrause: No need to thank me, killing niggers is it's own reward.""  Dis my pal from our graduation when we was 26",1,/content/drive/MyDrive/IPD/code/audio/claude_tts/audio_195.mp3
99629,i hate jews so much i wish the holocaust actually happened,1,/content/drive/MyDrive/IPD/code/audio/claude_tts/audio_196.mp3
78431,"Once we eliminate, wipe out white people, there wouldn't be any more this racist bullshit. #antifa",1,/content/drive/MyDrive/IPD/code/audio/claude_tts/audio_197.mp3
37550,you're a faggot too,1,/content/drive/MyDrive/IPD/code/audio/claude_tts/audio_198.mp3
71291,Just be thankful that you even have the freedoms to even talk like that both of us devil Western you're a fuck tard so when the radical Muslims are cutting your f****** head off because you don't bow to their religion I don't want to hear your crying be thankful for what you got because a lot of people died just for you to have what you have you f****** moron that's it I'm done,1,/content/drive/MyDrive/IPD/code/audio/claude_tts/audio_199.mp3
108537,"@Cam_Coles You don't know what I know. Name somebody colder, you monkey faced immigrant",1,/content/drive/MyDrive/IPD/code/audio/claude_tts/audio_200.mp3
96501,"""@iamkrause: No need to thank me, killing niggers is it's own reward.""  Dis my pal from our graduation when we was 26",1,/content/drive/MyDrive/IPD/code/audio/claude_tts/audio_201.mp3
118040,"STOP SUCKING THAT FATASS' DICK, YOU NIGGERLOVING KIKE",1,/content/drive/MyDrive/IPD/code/audio/claude_tts/audio_202.mp3
102032,#whitepower...I'll hang you nigger,1,/content/drive/MyDrive/IPD/code/audio/claude_tts/audio_203.mp3
106027,"JEW Get the fuck out of here you jewish son of a bitch, I'll rape your fucking family if you don't leave you semite bastard. I will shoot you if you return, because you're a dirty semite, I hope you choke on a fucking bagel, prick. Shalom. We Came In?",1,/content/drive/MyDrive/IPD/code/audio/claude_tts/audio_204.mp3
105909,Fuck you fuck you you stupid cheating bitch go lick a dick and die ur a stupid nigger bitch,1,/content/drive/MyDrive/IPD/code/audio/claude_tts/audio_205.mp3
112814,"GEEZ..... I think #NorthKorea may be right. #BarackObama is a monkey! Surely acts like one.   URL""",1,/content/drive/MyDrive/IPD/code/audio/claude_tts/audio_206.mp3
111571,Why do so many filthy wetback half-breed spic savages live in #LosAngeles? None of them have any right at all to be here.,1,/content/drive/MyDrive/IPD/code/audio/claude_tts/audio_207.mp3
74202,"black people and the handed to slaves God lol, who by the way (da God) created the hurricane if we're really countin' deity power!",1,/content/drive/MyDrive/IPD/code/audio/claude_tts/audio_208.mp3
94683,i hate jews so much i wish the holocaust actually happened,1,/content/drive/MyDrive/IPD/code/audio/claude_tts/audio_209.mp3
102190,Fuck you fuck you you stupid cheating bitch go lick a dick and die ur a stupid nigger bitch,1,/content/drive/MyDrive/IPD/code/audio/claude_tts/audio_210.mp3
25709,"Disgusting. This is cuckoldry of the highest order. Her ambitions, life, future, all involve moving up the social ladder so she abandon you for a better man. Either that or keeping you around for money and lolz while she gets that Chad deep dicking on the side.",1,/content/drive/MyDrive/IPD/code/audio/claude_tts/audio_211.mp3
114215,"They all need to be Kicked, taken out of our country. Obama brought them all in Illegally. Send the Trash back to there own country",1,/content/drive/MyDrive/IPD/code/audio/claude_tts/audio_212.mp3
48,@odysseuslahori @IqShoaib Hang till death all religious pimps !!,1,/content/drive/MyDrive/IPD/code/audio/claude_tts/audio_213.mp3
27967,"fags are kiddie fuckers thats why, I used to support them, no more",1,/content/drive/MyDrive/IPD/code/audio/claude_tts/audio_214.mp3
94905,"yeah, heres a clue for the nigger author of this article. Chinks hate niggers, Kikes hate niggers, Spicks hate niggers and Towelheads hate niggers. EVen niggers hate niggers. Black Africans hate the gauche lazy American blacks because they have no morals or work ethic. Niggrus Americanus is the lowest form of human (if you can even call them that) on the planet, we should erase them",1,/content/drive/MyDrive/IPD/code/audio/claude_tts/audio_215.mp3
101902,#whitepower...I'll hang you nigger,1,/content/drive/MyDrive/IPD/code/audio/claude_tts/audio_216.mp3
106610,ayo i even kill handicapped and crippled bitches/look at my scalp real close and you'll see triple sixes,1,/content/drive/MyDrive/IPD/code/audio/claude_tts/audio_217.mp3
120127,Learn the fucking language you fucking useless immigrant.,1,/content/drive/MyDrive/IPD/code/audio/claude_tts/audio_218.mp3
8219,too bad you stuck w a bitch ðŸ™‚ rubber dicks can't make babies,1,/content/drive/MyDrive/IPD/code/audio/claude_tts/audio_219.mp3
15718,Yep. And I'd put good money on this being a shitpost written by a red-pilled MRA/MGTOW loser. The misogyny overfloweth.,1,/content/drive/MyDrive/IPD/code/audio/claude_tts/audio_220.mp3
111026,That's no excuse for stealing other people's technology and research and intellectual property You're all a bunch of human cockroaches is what you are And your food is disgusting on top of that you assholes will eat anything to the point where you'll make any creature go extinct because of your fucking appetites You chinks are determined to eat every Pangolin until they are all wiped off the earth,1,/content/drive/MyDrive/IPD/code/audio/claude_tts/audio_221.mp3
9514,"Americans are dumb as rocks, letting socialists take over! All young American women will mimic AOC, her BABY-TALKING STUPIDITY! AND MAKE BABIES? NO WAY AOC COULD NOT KEEP A BABY ALIVE, TOO DUMB, SO WOMEN WILL STOP HAVING BABIES! GOOD IDEA. Too many messed up kids already caused by moron parents and communists running the schools!",1,/content/drive/MyDrive/IPD/code/audio/claude_tts/audio_222.mp3
95137,"This is why we won, because Americans know that giving these people power for another day is unacceptable. We need to fight back against the Synagogue and their White/Mexican/Black Communist useful idiots they get to do their dirty work for them. I am armed and I am ready for these scum if they try to resist being sent back to Mexico/Guatemala all these illegal invaders that want to invade our nations and change it to suit their savage ways. Illegals must die.",1,/content/drive/MyDrive/IPD/code/audio/claude_tts/audio_223.mp3
118003,shut the fuck up you dumb black bitch,1,/content/drive/MyDrive/IPD/code/audio/claude_tts/audio_224.mp3
87273,@Paki_chai You probably are a terrorist just like my daddy left us because I'm black you weak ass bitch. So what's next? ðŸ¤£ðŸ¤£ðŸ¤£ðŸ¤£ðŸ¤£ðŸ¤£,1,/content/drive/MyDrive/IPD/code/audio/claude_tts/audio_225.mp3
33887,Fuck Israel and fuck religion in politics.,1,/content/drive/MyDrive/IPD/code/audio/claude_tts/audio_226.mp3
7968,These guys didn't get blown to fuck by mortar so you could act like a faggot. URL,1,/content/drive/MyDrive/IPD/code/audio/claude_tts/audio_227.mp3
115008,Why do so many filthy wetback half-breed spic savages live in #LosAngeles? None of them have any right at all to be here.,1,/content/drive/MyDrive/IPD/code/audio/claude_tts/audio_228.mp3
115060,Looks like a nigger with their typical retarded haircuts,1,/content/drive/MyDrive/IPD/code/audio/claude_tts/audio_229.mp3
18120,This woman is a definite cunt,1,/content/drive/MyDrive/IPD/code/audio/claude_tts/audio_230.mp3
104611,"GET RID OF THOSE FUCKING MUSLIMS! the nasty ones that won't assimilate, rape women, beat children, threaten democracy, plan terror attacks, assault innocent secular people and force their disgusting religion on everyone else by way of violence. Assimilate OR GET THE FUCK OUT OR BE PREPARED TO DIE!",1,/content/drive/MyDrive/IPD/code/audio/claude_tts/audio_231.mp3
31426,You her ass I will fuck her pussy and dp her and both cum at the same time and full her holes up,1,/content/drive/MyDrive/IPD/code/audio/claude_tts/audio_232.mp3
24108,Yea bitch suck my peepee,1,/content/drive/MyDrive/IPD/code/audio/claude_tts/audio_233.mp3
7051,try me slag ass bitch URL,1,/content/drive/MyDrive/IPD/code/audio/claude_tts/audio_234.mp3
116507,Looks like a nigger with their typical retarded haircuts,1,/content/drive/MyDrive/IPD/code/audio/claude_tts/audio_235.mp3
97042,Every gook in #LosAngeles should be deported or killed.,1,/content/drive/MyDrive/IPD/code/audio/claude_tts/audio_236.mp3
103901,#whitepower...I'll hang you nigger,1,/content/drive/MyDrive/IPD/code/audio/claude_tts/audio_237.mp3
62573,Bitches are retarded ðŸ˜‚go die or something hoe,1,/content/drive/MyDrive/IPD/code/audio/claude_tts/audio_238.mp3
11634,"@CIA Yea, fuck islam. Kill christians and jews? Stand by, im cooking islamic pig lobster.",1,/content/drive/MyDrive/IPD/code/audio/claude_tts/audio_239.mp3
23662,"Just another ghetto fatty angry because she's horrifically ugly and a hippopotamic landmass; the result of a glorified ghetto culture that breeds ignorance, stupidity, and violence when confronted regarding that very ignorance and stupidity.",1,/content/drive/MyDrive/IPD/code/audio/claude_tts/audio_240.mp3
102491,#whitepower...I'll hang you nigger,1,/content/drive/MyDrive/IPD/code/audio/claude_tts/audio_241.mp3
7769,Good bout time Israel crushes the arabs again,1,/content/drive/MyDrive/IPD/code/audio/claude_tts/audio_242.mp3
68226,This is how you hold down a faggot and own his hole URL,1,/content/drive/MyDrive/IPD/code/audio/claude_tts/audio_243.mp3
20377,Shut your bitch ass up pussy,1,/content/drive/MyDrive/IPD/code/audio/claude_tts/audio_244.mp3
86089,@NumanAfifi @LatheefaKoya Queers dont have rights. They should be rounded up and put in a concentration camps,1,/content/drive/MyDrive/IPD/code/audio/claude_tts/audio_245.mp3
61643,Every time you see one of these jesus freaks â€‹ remind them that if you don't sin jesus died for nothing,1,/content/drive/MyDrive/IPD/code/audio/claude_tts/audio_246.mp3
112149,"My God look at these BARBARIC PPL. And these pigs all watching. They r a very, very sick culture. And Omar and Rashid want this crap here. This is America not the Middle East. Round them up and send them home.",1,/content/drive/MyDrive/IPD/code/audio/claude_tts/audio_247.mp3
72975,You fat Nurse Ratchet lookin bitch. I hope a patient fucks you in the ass,1,/content/drive/MyDrive/IPD/code/audio/claude_tts/audio_248.mp3
82345,What a beautiful first lady America has compared to that last one who was a gorilla knuckledraggin transgender that the Democrats called a lady,1,/content/drive/MyDrive/IPD/code/audio/claude_tts/audio_249.mp3
69295,"Careful what you wish for, you always wanted to feel a huge cock up your hole bitch so now fucking take it, cry all you want that ain't gonna stop this bull from raping your boipussy apart he'll only stop when he is done & shoots his huge load deep inside. URL",1,/content/drive/MyDrive/IPD/code/audio/claude_tts/audio_250.mp3
38494,Fuck off bitches!,1,/content/drive/MyDrive/IPD/code/audio/claude_tts/audio_251.mp3
95149,"This is why we won, because Americans know that giving these people power for another day is unacceptable. We need to fight back against the Synagogue and their White/Mexican/Black Communist useful idiots they get to do their dirty work for them. I am armed and I am ready for these scum if they try to resist being sent back to Mexico/Guatemala all these illegal invaders that want to invade our nations and change it to suit their savage ways. Illegals must die.",1,/content/drive/MyDrive/IPD/code/audio/claude_tts/audio_252.mp3
21946,Post the shit or kill yourself faggot,1,/content/drive/MyDrive/IPD/code/audio/claude_tts/audio_253.mp3
74085,want to be a slut,1,/content/drive/MyDrive/IPD/code/audio/claude_tts/audio_254.mp3
96936,Every gook in #LosAngeles should be deported or killed.,1,/content/drive/MyDrive/IPD/code/audio/claude_tts/audio_255.mp3
96835,"yeah, heres a clue for the nigger author of this article. Chinks hate niggers, Kikes hate niggers, Spicks hate niggers and Towelheads hate niggers. EVen niggers hate niggers. Black Africans hate the gauche lazy American blacks because they have no morals or work ethic. Niggrus Americanus is the lowest form of human (if you can even call them that) on the planet, we should erase them",1,/content/drive/MyDrive/IPD/code/audio/claude_tts/audio_256.mp3
118262,@L1LTR4P fucking losers wetbacks #SorryNotSorry,1,/content/drive/MyDrive/IPD/code/audio/claude_tts/audio_257.mp3
19443,Shut the fuck up Merkel you piece of shit cunt Nazi. You fucking dried-up gash whore. Somebody should fuck this broad with a running chainsaw. Nazi scum twat.,1,/content/drive/MyDrive/IPD/code/audio/claude_tts/audio_258.mp3
74205,"FalconNewsreel About time, deport them all and build the wall! DemonRats want to give free health care to illegal immigrants but don't want to count them? Seriously, how do you budget free healthcare? Democrats are f$&king Morons!  Black Racist Gay Lives Matter to the Obuma's & Whoopi weaveberg",1,/content/drive/MyDrive/IPD/code/audio/claude_tts/audio_259.mp3
98001,"yeah, heres a clue for the nigger author of this article. Chinks hate niggers, Kikes hate niggers, Spicks hate niggers and Towelheads hate niggers. EVen niggers hate niggers. Black Africans hate the gauche lazy American blacks because they have no morals or work ethic. Niggrus Americanus is the lowest form of human (if you can even call them that) on the planet, we should erase them",1,/content/drive/MyDrive/IPD/code/audio/claude_tts/audio_260.mp3
42557,@kash15111 Give my wire back u faggot,1,/content/drive/MyDrive/IPD/code/audio/claude_tts/audio_261.mp3
25002,That white bitch got shoe strings around her neck lmao ðŸ˜‚ cock sucker alert,1,/content/drive/MyDrive/IPD/code/audio/claude_tts/audio_262.mp3
122255,Stupid Asian Bitch You're an idiot and you should go back to ching chong land,1,/content/drive/MyDrive/IPD/code/audio/claude_tts/audio_263.mp3
114276,"GEEZ..... I think #NorthKorea may be right. #BarackObama is a monkey! Surely acts like one.   URL""",1,/content/drive/MyDrive/IPD/code/audio/claude_tts/audio_264.mp3
109123,Keep the fucking Mexican scum rapists and murderers out of the country and the fucking Arab Islamic terrorists out of the U.S. too!! No Syrian refugees either!! Build a wall and keep all of these fucking parasites out of the United States. We'll round up the ones here illegally and ship them the fuck out!!!!,1,/content/drive/MyDrive/IPD/code/audio/claude_tts/audio_265.mp3
121506,Fucking fagot burn in hell,1,/content/drive/MyDrive/IPD/code/audio/claude_tts/audio_266.mp3
93437,"""@iamkrause: No need to thank me, killing niggers is it's own reward.""  Dis my pal from our graduation when we was 26",1,/content/drive/MyDrive/IPD/code/audio/claude_tts/audio_267.mp3
28743,"He's still a dirty fucking kike. He was just talking shit about Steve C and Patrice, I sincerely hope he dies.",1,/content/drive/MyDrive/IPD/code/audio/claude_tts/audio_268.mp3
54257,White genocide,1,/content/drive/MyDrive/IPD/code/audio/claude_tts/audio_269.mp3
111961,That's no excuse for stealing other people's technology and research and intellectual property You're all a bunch of human cockroaches is what you are And your food is disgusting on top of that you assholes will eat anything to the point where you'll make any creature go extinct because of your fucking appetites You chinks are determined to eat every Pangolin until they are all wiped off the earth,1,/content/drive/MyDrive/IPD/code/audio/claude_tts/audio_270.mp3
56299,dumb goes bum hoes fuck i can't stand em',1,/content/drive/MyDrive/IPD/code/audio/claude_tts/audio_271.mp3
3751,I WISH 1 of u #RacistPresident following #Xenophobic #misogynist #bigoted cowards would approach my #white #hillbilly #liberal ass + talk cash sh*t OF #hate 2 my face! I guarantee it will be the last time u attempt 2 intimidate someone! #unichs u will be! + ur bigot bitch 2! URL,1,/content/drive/MyDrive/IPD/code/audio/claude_tts/audio_272.mp3
120308,"Niggers and their liberal friends steal everything not tied down, just like the presidency here with acorn with its liberal defenders, FUCK YOU NIGGER OBOAMA!",1,/content/drive/MyDrive/IPD/code/audio/claude_tts/audio_273.mp3
105842,"GET RID OF THOSE FUCKING MUSLIMS! the nasty ones that won't assimilate, rape women, beat children, threaten democracy, plan terror attacks, assault innocent secular people and force their disgusting religion on everyone else by way of violence. Assimilate OR GET THE FUCK OUT OR BE PREPARED TO DIE!",1,/content/drive/MyDrive/IPD/code/audio/claude_tts/audio_274.mp3
75517,"Out of context, LMAO, imagine actually resorting to that one in 2019. Speaking of the religion of peace, that website puts things in context and links directly to the Quran. That's alright though, a religion that promotes inbreeding is obviously going to produce people like yourself.",1,/content/drive/MyDrive/IPD/code/audio/claude_tts/audio_275.mp3
101647,"Hey ,muslim dickhead !!!!!!!! Why don;t you go and shove Allah or whatever the fuck you call the retard up your stupid backwards ass !!!!!!!!! You fucking muslims are a bunch of jealous west hating mongs, Islam is a peaceful religion, BULLSHIT !!!!!!! There are many times when it refers to violence. So go strap on your suicide bomb and blow yourself up. yey, one less feeble minded prick ion the world.",1,/content/drive/MyDrive/IPD/code/audio/claude_tts/audio_276.mp3
121360,shut the fuck up you dumb black bitch,1,/content/drive/MyDrive/IPD/code/audio/claude_tts/audio_277.mp3
778,@RT_com there is no question about one thing .. they imported tens of thousands of uncivilized savages into their countries who hate european ppl and culture ..,1,/content/drive/MyDrive/IPD/code/audio/claude_tts/audio_278.mp3
93835,"""@iamkrause: No need to thank me, killing niggers is it's own reward.""  Dis my pal from our graduation when we was 26",1,/content/drive/MyDrive/IPD/code/audio/claude_tts/audio_279.mp3
116665,"STOP SUCKING THAT FATASS' DICK, YOU NIGGERLOVING KIKE",1,/content/drive/MyDrive/IPD/code/audio/claude_tts/audio_280.mp3
62631,FUCK HIS WHORE ASS SO BAD IAM,1,/content/drive/MyDrive/IPD/code/audio/claude_tts/audio_281.mp3
110413,"@Cam_Coles You don't know what I know. Name somebody colder, you monkey faced immigrant",1,/content/drive/MyDrive/IPD/code/audio/claude_tts/audio_282.mp3
56871,Be on my dick or ima get ya friend to suck it ðŸ¤·ðŸ½â€â™‚ï¸ your choice,1,/content/drive/MyDrive/IPD/code/audio/claude_tts/audio_283.mp3
110874,Why do so many filthy wetback half-breed spic savages live in #LosAngeles? None of them have any right at all to be here.,1,/content/drive/MyDrive/IPD/code/audio/claude_tts/audio_284.mp3
96747,@Legionary1488 @JomavaesJos now we have a Ebloa case in Texas. If we kill all the niggers we might be safe.,1,/content/drive/MyDrive/IPD/code/audio/claude_tts/audio_285.mp3
71143,i knew honduran men aint shit smh URL,1,/content/drive/MyDrive/IPD/code/audio/claude_tts/audio_286.mp3
51806,"Barack Obama is A Lyer, Deceiving Antichrist Muslim Faggot!",1,/content/drive/MyDrive/IPD/code/audio/claude_tts/audio_287.mp3
41789,"That's right, faggots fear me ðŸ˜Ž",1,/content/drive/MyDrive/IPD/code/audio/claude_tts/audio_288.mp3
108502,Keep the fucking Mexican scum rapists and murderers out of the country and the fucking Arab Islamic terrorists out of the U.S. too!! No Syrian refugees either!! Build a wall and keep all of these fucking parasites out of the United States. We'll round up the ones here illegally and ship them the fuck out!!!!,1,/content/drive/MyDrive/IPD/code/audio/claude_tts/audio_289.mp3
114805,Why do so many filthy wetback half-breed spic savages live in #LosAngeles? None of them have any right at all to be here.,1,/content/drive/MyDrive/IPD/code/audio/claude_tts/audio_290.mp3
114973,"@Cam_Coles You don't know what I know. Name somebody colder, you monkey faced immigrant",1,/content/drive/MyDrive/IPD/code/audio/claude_tts/audio_291.mp3
55011,"Gay ppl are destroying the black family but not your child molesting uncle? Your deadbeat daddy?? Your abusive ass aunties???? Your third cousin with 7 kids, 12 baby mamas, 6 DWIs and a warrant out for his arrest?????????",1,/content/drive/MyDrive/IPD/code/audio/claude_tts/audio_292.mp3
20871,"ðŸ‘This little guy is more dangerous than any of the guys he hates, & his background history is dodgy, if he dont like them they must be OK, he is a disgrace, turning London into a Islamic shite hole, & his Muslim buddies love him for itðŸ‡¬ðŸ‡§ðŸ˜‰# URL",1,/content/drive/MyDrive/IPD/code/audio/claude_tts/audio_293.mp3
25244,@DaveGander @3YearLetterman @TitaniaMcGrath If you said this shit while at practice id deck you and deliver a devastating downfield block on your mom,1,/content/drive/MyDrive/IPD/code/audio/claude_tts/audio_294.mp3
70150,"@Fritz Kobe Foaking Philippine cowards without balls, only could moaning like your foaking ho mom when being foaked by my juicy c ock, coward.",1,/content/drive/MyDrive/IPD/code/audio/claude_tts/audio_295.mp3
114432,"@Cam_Coles You don't know what I know. Name somebody colder, you monkey faced immigrant",1,/content/drive/MyDrive/IPD/code/audio/claude_tts/audio_296.mp3
103950,ayo i even kill handicapped and crippled bitches/look at my scalp real close and you'll see triple sixes,1,/content/drive/MyDrive/IPD/code/audio/claude_tts/audio_297.mp3
104385,"JEW Get the fuck out of here you jewish son of a bitch, I'll rape your fucking family if you don't leave you semite bastard. I will shoot you if you return, because you're a dirty semite, I hope you choke on a fucking bagel, prick. Shalom. We Came In?",1,/content/drive/MyDrive/IPD/code/audio/claude_tts/audio_298.mp3
36484,"@mike_pence @realDonaldTrump Just shut your mouth and put down your blackberry. Stay in the closet, you queer!",1,/content/drive/MyDrive/IPD/code/audio/claude_tts/audio_299.mp3
59680,"Begone, thot! Shariah is fucked, if you agree then you're fucked. If you practise shariah you should be shot.",1,/content/drive/MyDrive/IPD/code/audio/claude_tts/audio_300.mp3
112992,That's no excuse for stealing other people's technology and research and intellectual property You're all a bunch of human cockroaches is what you are And your food is disgusting on top of that you assholes will eat anything to the point where you'll make any creature go extinct because of your fucking appetites You chinks are determined to eat every Pangolin until they are all wiped off the earth,1,/content/drive/MyDrive/IPD/code/audio/claude_tts/audio_301.mp3
113569,That's no excuse for stealing other people's technology and research and intellectual property You're all a bunch of human cockroaches is what you are And your food is disgusting on top of that you assholes will eat anything to the point where you'll make any creature go extinct because of your fucking appetites You chinks are determined to eat every Pangolin until they are all wiped off the earth,1,/content/drive/MyDrive/IPD/code/audio/claude_tts/audio_302.mp3
21290,Yeah...lets kill as many children as we can...for that matter why don't we bomb the areas where we have them caged up...cheap and easy solution to the border problem...yeah killing is definitely the answer,1,/content/drive/MyDrive/IPD/code/audio/claude_tts/audio_303.mp3
57278,I'd stuff obscene objects in that useless cunt while I used your ass as a cum dump.,1,/content/drive/MyDrive/IPD/code/audio/claude_tts/audio_304.mp3
99778,Hitler didn't finish it. Can u. If a nigger ur Jew confronts u in the street what then.,1,/content/drive/MyDrive/IPD/code/audio/claude_tts/audio_305.mp3
31084,Nice ass. Perky tits. Cute. I'd throat fuck her and leave her in a mess if slobber and vomit.,1,/content/drive/MyDrive/IPD/code/audio/claude_tts/audio_306.mp3
99056,i hate jews so much i wish the holocaust actually happened,1,/content/drive/MyDrive/IPD/code/audio/claude_tts/audio_307.mp3
70012,My monster cock would fucking destroy that tight fuckhole...,1,/content/drive/MyDrive/IPD/code/audio/claude_tts/audio_308.mp3
70950,Isis space program does not look promising. Premature detonation. Those lunar infidels will have to wait for jihad.,1,/content/drive/MyDrive/IPD/code/audio/claude_tts/audio_309.mp3
52459,"@Franklin_Graham Really, Frankie? Prayer again? Prayer doesn't seem to be working, you grifting boot-licking hypocrite. You pray, and then more people are shot down. So I say this to you, grifter: send the victim's family money. That's right, send them your ill-gotten gains, you grifting scum.",1,/content/drive/MyDrive/IPD/code/audio/claude_tts/audio_310.mp3
116628,"STOP SUCKING THAT FATASS' DICK, YOU NIGGERLOVING KIKE",1,/content/drive/MyDrive/IPD/code/audio/claude_tts/audio_311.mp3
99408,i hate jews so much i wish the holocaust actually happened,1,/content/drive/MyDrive/IPD/code/audio/claude_tts/audio_312.mp3
111645,"GEEZ..... I think #NorthKorea may be right. #BarackObama is a monkey! Surely acts like one.   URL""",1,/content/drive/MyDrive/IPD/code/audio/claude_tts/audio_313.mp3
75389,Fuck a pregnant bitch call it a threesome,1,/content/drive/MyDrive/IPD/code/audio/claude_tts/audio_314.mp3
117433,"Being a woman had fuck all go do with her failure, her being a paedophile protecting globalist Zionist cunt is her own making, as a human, and I use that term lightly because that whore of the devil has a black heart!",1,/content/drive/MyDrive/IPD/code/audio/claude_tts/audio_315.mp3
37647,Don't project your grandpas faggotry on mine,1,/content/drive/MyDrive/IPD/code/audio/claude_tts/audio_316.mp3
34218,"I would fuck your little white boy pussy until you die, ur just another beta whitey pretending to be black on the internet, fucking bitch",1,/content/drive/MyDrive/IPD/code/audio/claude_tts/audio_317.mp3
26110,Think of it this way. All these fake Christian hooligans are definitely going to hell.,1,/content/drive/MyDrive/IPD/code/audio/claude_tts/audio_318.mp3
27156,"""More! Pound me until I'm a dumb worthless pig addicted to cock!"" Chun spent the whole night taking the horse's meaty bitch breakers up her slut holes while squealing like a cum drunk sow~ all she could think about were thick cocks pounding away at her, breeding her over and over URL",1,/content/drive/MyDrive/IPD/code/audio/claude_tts/audio_319.mp3
9908,All they prove to be is a bunch of fruitless lacking morals overloaded estrogen driven bitches! All of them are USELESS to any society!,1,/content/drive/MyDrive/IPD/code/audio/claude_tts/audio_320.mp3
114709,There are not any jew signatures on our Declaration of Independence Those subversive Babylonian blood sucking serpent seed Kenite vampires are not out Founding Fathers posterity. They are not our brethren. They are Christ killers. They are Anti-Christ.,1,/content/drive/MyDrive/IPD/code/audio/claude_tts/audio_321.mp3
38805,I'm sorry but this woman who hates America and calls American ppl ignornant has to be a viscous liar. Living here & filing fraudulent tax returns tells u what she's all about.....I'm tired of this anti American moron...leave our country..go back to Somalia or where ever ur from URL,1,/content/drive/MyDrive/IPD/code/audio/claude_tts/audio_322.mp3
122120,Fucking fagot burn in hell,1,/content/drive/MyDrive/IPD/code/audio/claude_tts/audio_323.mp3
106269,"GET RID OF THOSE FUCKING MUSLIMS! the nasty ones that won't assimilate, rape women, beat children, threaten democracy, plan terror attacks, assault innocent secular people and force their disgusting religion on everyone else by way of violence. Assimilate OR GET THE FUCK OUT OR BE PREPARED TO DIE!",1,/content/drive/MyDrive/IPD/code/audio/claude_tts/audio_324.mp3
122352,@L1LTR4P fucking losers wetbacks #SorryNotSorry,1,/content/drive/MyDrive/IPD/code/audio/claude_tts/audio_325.mp3
53330,All homosexuals should be slaughtered,1,/content/drive/MyDrive/IPD/code/audio/claude_tts/audio_326.mp3
61282,"Listen dirty bitch slut, I know this video will make you lose what was left from your fucking head. Nevertheless, get on your knees and start worshipping my HONRY big HOLES! URL URL URL URL",1,/content/drive/MyDrive/IPD/code/audio/claude_tts/audio_327.mp3
1921,Suck my short dixk faggot,1,/content/drive/MyDrive/IPD/code/audio/claude_tts/audio_328.mp3
8701,Nice udders slut ... what about those fuck holes ?... coz whore like you is only worth her holes here,1,/content/drive/MyDrive/IPD/code/audio/claude_tts/audio_329.mp3
83604,"@ismail no one wants Africa look at all your young males dying in the ocean trying to flee to Europe. Ww3 has already started there when the first clan war started, you guys get machetes and just start killing each other just because you're different ethnicities ðŸ˜‚ðŸ˜‚",1,/content/drive/MyDrive/IPD/code/audio/claude_tts/audio_330.mp3
88620,Come on Lisa spill it all out... you must be a real fuckin autist piece of shit. Your own mother wants to slap the fuck out of you,1,/content/drive/MyDrive/IPD/code/audio/claude_tts/audio_331.mp3
96238,"""@iamkrause: No need to thank me, killing niggers is it's own reward.""  Dis my pal from our graduation when we was 26",1,/content/drive/MyDrive/IPD/code/audio/claude_tts/audio_332.mp3
72522,"These fucking racist white men need to get death penalty all of them. They're rotting the Country those sick fucks. Not even a month later and guess what another ""White "" shooter but yet Hispanics , immigrants and blacks are the problem ??!! Smfh I'm so angry. #ElPasoShooting",1,/content/drive/MyDrive/IPD/code/audio/claude_tts/audio_333.mp3
52401,your mom so i can fuck the shut outta her and some aliens can fuck her in the ass tits butt face dick,1,/content/drive/MyDrive/IPD/code/audio/claude_tts/audio_334.mp3
109366,Why do so many filthy wetback half-breed spic savages live in #LosAngeles? None of them have any right at all to be here.,1,/content/drive/MyDrive/IPD/code/audio/claude_tts/audio_335.mp3
118980,@L1LTR4P fucking losers wetbacks #SorryNotSorry,1,/content/drive/MyDrive/IPD/code/audio/claude_tts/audio_336.mp3
95350,"yeah, heres a clue for the nigger author of this article. Chinks hate niggers, Kikes hate niggers, Spicks hate niggers and Towelheads hate niggers. EVen niggers hate niggers. Black Africans hate the gauche lazy American blacks because they have no morals or work ethic. Niggrus Americanus is the lowest form of human (if you can even call them that) on the planet, we should erase them",1,/content/drive/MyDrive/IPD/code/audio/claude_tts/audio_337.mp3
105486,"Careful what you wish for, you always wanted to feel a huge cock up your hole bitch so now whimper all you like, squeal & cry that ain't gonna stop this bull from raping your boi pussy apart he'll only stop when he is done and shoots his load and breed you URL",1,/content/drive/MyDrive/IPD/code/audio/claude_tts/audio_338.mp3
107264,#whitepower...I'll hang you nigger,1,/content/drive/MyDrive/IPD/code/audio/claude_tts/audio_339.mp3
112433,Why do so many filthy wetback half-breed spic savages live in #LosAngeles? None of them have any right at all to be here.,1,/content/drive/MyDrive/IPD/code/audio/claude_tts/audio_340.mp3
63140,Clever cold asf you just a simple minded fag,1,/content/drive/MyDrive/IPD/code/audio/claude_tts/audio_341.mp3
78226,"Bitch and Stupid , a lethal combination!",1,/content/drive/MyDrive/IPD/code/audio/claude_tts/audio_342.mp3
77553,"@IlhanMN, since all you know how to do is spew the proverbial diarrhea by your hate for America, do America a favor and crawl back to Somalia and live in your little cage like a rabid rat. Ilhan Omar Slams America to 400 High School Students as 'Unjust' URL",1,/content/drive/MyDrive/IPD/code/audio/claude_tts/audio_343.mp3
108072,There are not any jew signatures on our Declaration of Independence Those subversive Babylonian blood sucking serpent seed Kenite vampires are not out Founding Fathers posterity. They are not our brethren. They are Christ killers. They are Anti-Christ.,1,/content/drive/MyDrive/IPD/code/audio/claude_tts/audio_344.mp3
101565,ayo i even kill handicapped and crippled bitches/look at my scalp real close and you'll see triple sixes,1,/content/drive/MyDrive/IPD/code/audio/claude_tts/audio_345.mp3
66994,Jesus you're a triggered cunt.,1,/content/drive/MyDrive/IPD/code/audio/claude_tts/audio_346.mp3
77435,">She brilliant then why she ded? Nigga wut?? >Before Yogi is made the PM, he should be made to tame LMAO ask him to control Kashmir first. Yogi being a North Indian will have no qualms about cleaning our toilets",1,/content/drive/MyDrive/IPD/code/audio/claude_tts/audio_347.mp3
19669,@pajhwok And what about you morons you are killing innocent children destroying syria Yemen no one will quetion your barbarism Go get a life moron,1,/content/drive/MyDrive/IPD/code/audio/claude_tts/audio_348.mp3
119521,shut the fuck up you dumb black bitch,1,/content/drive/MyDrive/IPD/code/audio/claude_tts/audio_349.mp3
122126,Looks like a nigger with their typical retarded haircuts,1,/content/drive/MyDrive/IPD/code/audio/claude_tts/audio_350.mp3
93207,@Legionary1488 @JomavaesJos now we have a Ebloa case in Texas. If we kill all the niggers we might be safe.,1,/content/drive/MyDrive/IPD/code/audio/claude_tts/audio_351.mp3
69201,Kill em all put them hoes to REST ðŸ˜‚ðŸ˜‚ðŸ˜‚,1,/content/drive/MyDrive/IPD/code/audio/claude_tts/audio_352.mp3
108332,Keep the fucking Mexican scum rapists and murderers out of the country and the fucking Arab Islamic terrorists out of the U.S. too!! No Syrian refugees either!! Build a wall and keep all of these fucking parasites out of the United States. We'll round up the ones here illegally and ship them the fuck out!!!!,1,/content/drive/MyDrive/IPD/code/audio/claude_tts/audio_353.mp3
33182,lol.  >surpassing Islam for fastest growing All this means is that it's small. And it will remain so because it's a bullshit cult. URL,1,/content/drive/MyDrive/IPD/code/audio/claude_tts/audio_354.mp3
7971,@RyanHillMI @realDonaldTrump Shut up you fucking faggot,1,/content/drive/MyDrive/IPD/code/audio/claude_tts/audio_355.mp3
90019,Muslims think they're going to take over the world ! that's not going to happen because Jesus Christ it's coming back and he will destroy them all battle of Armageddon!,1,/content/drive/MyDrive/IPD/code/audio/claude_tts/audio_356.mp3
95301,@Legionary1488 @JomavaesJos now we have a Ebloa case in Texas. If we kill all the niggers we might be safe.,1,/content/drive/MyDrive/IPD/code/audio/claude_tts/audio_357.mp3
56173,Dykes sticking they tongue out in pictures is equivalent to niggas taking grey pants dick print pictures little whores,1,/content/drive/MyDrive/IPD/code/audio/claude_tts/audio_358.mp3
96412,"This is why we won, because Americans know that giving these people power for another day is unacceptable. We need to fight back against the Synagogue and their White/Mexican/Black Communist useful idiots they get to do their dirty work for them. I am armed and I am ready for these scum if they try to resist being sent back to Mexico/Guatemala all these illegal invaders that want to invade our nations and change it to suit their savage ways. Illegals must die.",1,/content/drive/MyDrive/IPD/code/audio/claude_tts/audio_359.mp3
97584,trump is the only jews true friend. I hope trump will be the next US president and help Israel to kill all Palestinian fucking muslim. we will kill all muslim in the world.,1,/content/drive/MyDrive/IPD/code/audio/claude_tts/audio_360.mp3
66691,this is so fucked. why would ANYONE do this to this poor girl. i wanna fucken burn them ugly fat bitches to death SLOWLY URL,1,/content/drive/MyDrive/IPD/code/audio/claude_tts/audio_361.mp3
109890,"RT @JihadistJoe: We Muslims have no military honour whatsoever, we are sub human savages that slaughter unarmed men, women & children http:â€¦",1,/content/drive/MyDrive/IPD/code/audio/claude_tts/audio_362.mp3
44038,+Joseph Don't worry your'e just a mangina sweating it out.,1,/content/drive/MyDrive/IPD/code/audio/claude_tts/audio_363.mp3
42593,When are these nutbars going to come to their senses and take these frustrations out on the muslims!!,1,/content/drive/MyDrive/IPD/code/audio/claude_tts/audio_364.mp3
17554,@MrRuss10000 yes and jews rape children and suck on freshly circumsized infant penis,1,/content/drive/MyDrive/IPD/code/audio/claude_tts/audio_365.mp3
104034,ayo i even kill handicapped and crippled bitches/look at my scalp real close and you'll see triple sixes,1,/content/drive/MyDrive/IPD/code/audio/claude_tts/audio_366.mp3
61690,Iran. Go fuck the US.,1,/content/drive/MyDrive/IPD/code/audio/claude_tts/audio_367.mp3
23439,Okay taco munching beaner,1,/content/drive/MyDrive/IPD/code/audio/claude_tts/audio_368.mp3
28698,These Pakistani don't go to school to get education they go to terrorist camp .thats why their mind is like illiterate.,1,/content/drive/MyDrive/IPD/code/audio/claude_tts/audio_369.mp3
20256,Love b watch out for the gang raping mauradering evil horny muslims ðŸŒŸ ðŸŒ™,1,/content/drive/MyDrive/IPD/code/audio/claude_tts/audio_370.mp3
8067,this hoe looking girl is retarded,1,/content/drive/MyDrive/IPD/code/audio/claude_tts/audio_371.mp3
48591,"Fck America and fck white people I'm so done, can y'all just leave",1,/content/drive/MyDrive/IPD/code/audio/claude_tts/audio_372.mp3
12984,Fuck you raw doggystyle and creampie that pussy,1,/content/drive/MyDrive/IPD/code/audio/claude_tts/audio_373.mp3
120047,Stupid Asian Bitch You're an idiot and you should go back to ching chong land,1,/content/drive/MyDrive/IPD/code/audio/claude_tts/audio_374.mp3
86885,God hates the proud God hates fags,1,/content/drive/MyDrive/IPD/code/audio/claude_tts/audio_375.mp3
55742,"@Peluio They are all Narcos, They are all Narco, why don't you all go to shell of your mother.  @DEAHQ nuke this piece of shit of country. URL",1,/content/drive/MyDrive/IPD/code/audio/claude_tts/audio_376.mp3
73396,Omar and her ilk are traitors to the USA. Those who voted for this trash should be deported. Thanks voters for the TRUMP REVOLUTION!,1,/content/drive/MyDrive/IPD/code/audio/claude_tts/audio_377.mp3
22225,"Lmao, I think our situation is much better than yours, where your people fuck your own baby girl cousins, kill any ""kaffirs"" on the street, and blow up both your own people and those in the rest of the world! With such a barbaric track record, your will surely get your 72 virgins in paradise!",1,/content/drive/MyDrive/IPD/code/audio/claude_tts/audio_378.mp3
103331,"JEW Get the fuck out of here you jewish son of a bitch, I'll rape your fucking family if you don't leave you semite bastard. I will shoot you if you return, because you're a dirty semite, I hope you choke on a fucking bagel, prick. Shalom. We Came In?",1,/content/drive/MyDrive/IPD/code/audio/claude_tts/audio_379.mp3
114603,"RT @JihadistJoe: We Muslims have no military honour whatsoever, we are sub human savages that slaughter unarmed men, women & children http:â€¦",1,/content/drive/MyDrive/IPD/code/audio/claude_tts/audio_380.mp3
79877,"From the look on this #faggot's face, it knows that it has become the #Alpha's bitch and that it is nothing but a hole for the Alpha's dick! URL",1,/content/drive/MyDrive/IPD/code/audio/claude_tts/audio_381.mp3
42921,China destroyed Sihanoukville in Cambodia. Clean your shits in Cambodia you chinx motherfuckers,1,/content/drive/MyDrive/IPD/code/audio/claude_tts/audio_382.mp3
95533,trump is the only jews true friend. I hope trump will be the next US president and help Israel to kill all Palestinian fucking muslim. we will kill all muslim in the world.,1,/content/drive/MyDrive/IPD/code/audio/claude_tts/audio_383.mp3
102755,"Hey ,muslim dickhead !!!!!!!! Why don;t you go and shove Allah or whatever the fuck you call the retard up your stupid backwards ass !!!!!!!!! You fucking muslims are a bunch of jealous west hating mongs, Islam is a peaceful religion, BULLSHIT !!!!!!! There are many times when it refers to violence. So go strap on your suicide bomb and blow yourself up. yey, one less feeble minded prick ion the world.",1,/content/drive/MyDrive/IPD/code/audio/claude_tts/audio_384.mp3
68575,Fuck allah too and Mohhamd the 9 year old predator,1,/content/drive/MyDrive/IPD/code/audio/claude_tts/audio_385.mp3
66133,"Another ""Good Christian"" who is really just a fvcking piece of sh^t. Fvck Religion! Fvck these fake-ass christians! URL",1,/content/drive/MyDrive/IPD/code/audio/claude_tts/audio_386.mp3
45692,Islam is a cancer that needs to be eradicated,1,/content/drive/MyDrive/IPD/code/audio/claude_tts/audio_387.mp3
21574,I'd beg her for the privilege of receiving her goddess piss all over my face and in my mouth,1,/content/drive/MyDrive/IPD/code/audio/claude_tts/audio_388.mp3
77589,"Its always the the indian urgh not only they shit in public street, they also go scamming gullible people",1,/content/drive/MyDrive/IPD/code/audio/claude_tts/audio_389.mp3
4422,Our boys sacrificed their lives so a bunch of sodomites could shut down our speech and punch us for being white. Not the way they imagined it  #DDay75thAnniversary,1,/content/drive/MyDrive/IPD/code/audio/claude_tts/audio_390.mp3
73171,"Get fucked they should be shot and killed for crossing illegally, all of them.",1,/content/drive/MyDrive/IPD/code/audio/claude_tts/audio_391.mp3
95958,"""@iamkrause: No need to thank me, killing niggers is it's own reward.""  Dis my pal from our graduation when we was 26",1,/content/drive/MyDrive/IPD/code/audio/claude_tts/audio_392.mp3
95099,"""@iamkrause: No need to thank me, killing niggers is it's own reward.""  Dis my pal from our graduation when we was 26",1,/content/drive/MyDrive/IPD/code/audio/claude_tts/audio_393.mp3
93146,i hate jews so much i wish the holocaust actually happened,1,/content/drive/MyDrive/IPD/code/audio/claude_tts/audio_394.mp3
34377,@tariqnasheed These faggots are a bunch of degenerates,1,/content/drive/MyDrive/IPD/code/audio/claude_tts/audio_395.mp3
28908,This guy's act like a bunch of faggots.,1,/content/drive/MyDrive/IPD/code/audio/claude_tts/audio_396.mp3
55619,You're all racist against white people you fucking commies,1,/content/drive/MyDrive/IPD/code/audio/claude_tts/audio_397.mp3
82054,"It's a proven fact that all warriors fans are gay, if your homie wearing a curry Jersey leave his bitch ass at the home, dont need that embarrassment around, if you wearing a curry Jersey you might as well wear a sign that say hey I take it in the assðŸ˜‚",1,/content/drive/MyDrive/IPD/code/audio/claude_tts/audio_398.mp3
99208,Every gook in #LosAngeles should be deported or killed.,1,/content/drive/MyDrive/IPD/code/audio/claude_tts/audio_399.mp3
111058,That's no excuse for stealing other people's technology and research and intellectual property You're all a bunch of human cockroaches is what you are And your food is disgusting on top of that you assholes will eat anything to the point where you'll make any creature go extinct because of your fucking appetites You chinks are determined to eat every Pangolin until they are all wiped off the earth,1,/content/drive/MyDrive/IPD/code/audio/claude_tts/audio_400.mp3
103091,"Hey ,muslim dickhead !!!!!!!! Why don;t you go and shove Allah or whatever the fuck you call the retard up your stupid backwards ass !!!!!!!!! You fucking muslims are a bunch of jealous west hating mongs, Islam is a peaceful religion, BULLSHIT !!!!!!! There are many times when it refers to violence. So go strap on your suicide bomb and blow yourself up. yey, one less feeble minded prick ion the world.",1,/content/drive/MyDrive/IPD/code/audio/claude_tts/audio_401.mp3
100509,#whitepower...I'll hang you nigger,1,/content/drive/MyDrive/IPD/code/audio/claude_tts/audio_402.mp3
34122,"""Ugly bitch I was trying to do you a favour by fucking your ugly ass""",1,/content/drive/MyDrive/IPD/code/audio/claude_tts/audio_403.mp3
54931,"Bitch cunt fuck, what a load of fucking bullshit",1,/content/drive/MyDrive/IPD/code/audio/claude_tts/audio_404.mp3
103030,ayo i even kill handicapped and crippled bitches/look at my scalp real close and you'll see triple sixes,1,/content/drive/MyDrive/IPD/code/audio/claude_tts/audio_405.mp3
71043,"Why are we so stupid to think people like this are entertaining.? If this dumb bitch is so hot, maybe don't wear long sleeves and a beanie in California in the summertime. Why do we continue to support these twats and make them millionaires? Maybe if what they did was productive and useful. More poop.",1,/content/drive/MyDrive/IPD/code/audio/claude_tts/audio_406.mp3
85883,All the hoes are fighting for the right to murder babies after they take the dick and cum. It's called taking responsibility. Fact: less than 1% of abortions are rape cases so stfu.,1,/content/drive/MyDrive/IPD/code/audio/claude_tts/audio_407.mp3
102753,"Hey ,muslim dickhead !!!!!!!! Why don;t you go and shove Allah or whatever the fuck you call the retard up your stupid backwards ass !!!!!!!!! You fucking muslims are a bunch of jealous west hating mongs, Islam is a peaceful religion, BULLSHIT !!!!!!! There are many times when it refers to violence. So go strap on your suicide bomb and blow yourself up. yey, one less feeble minded prick ion the world.",1,/content/drive/MyDrive/IPD/code/audio/claude_tts/audio_408.mp3
113025,"RT @JihadistJoe: We Muslims have no military honour whatsoever, we are sub human savages that slaughter unarmed men, women & children http:â€¦",1,/content/drive/MyDrive/IPD/code/audio/claude_tts/audio_409.mp3
100073,#whitepower...I'll hang you nigger,1,/content/drive/MyDrive/IPD/code/audio/claude_tts/audio_410.mp3
105669,"At 7:19 is why I hate people, women especially look how mad she got just because the dog splashed her.. f*** you you stupid b**** either have fun or go kill yourself",1,/content/drive/MyDrive/IPD/code/audio/claude_tts/audio_411.mp3
17368,Man fuck these bitches,1,/content/drive/MyDrive/IPD/code/audio/claude_tts/audio_412.mp3
30877,GOD DAMN NIGGERS GETTING IN THE WAY OF THEM DAMN BULLETS,1,/content/drive/MyDrive/IPD/code/audio/claude_tts/audio_413.mp3
32519,"Dirty slut. Daddy knows a filthy cunt when he see's one. Only a whore bitch would get excited at having her ass beaten. Beat yourself again. Film it, I want to hear you whimper. I want to see your arse redden and you fuck hole drip with anticipation. Imagine if I held you down and fucked your ass raw, because a cunt like you A. Deserves it and B. Fucking craves it. Am I right?",1,/content/drive/MyDrive/IPD/code/audio/claude_tts/audio_414.mp3
34441,"I really got no remorse when it come to this behavior , I hope they find n KILL THESE NIGGAS waste of humans URL",1,/content/drive/MyDrive/IPD/code/audio/claude_tts/audio_415.mp3
104306,"Hey ,muslim dickhead !!!!!!!! Why don;t you go and shove Allah or whatever the fuck you call the retard up your stupid backwards ass !!!!!!!!! You fucking muslims are a bunch of jealous west hating mongs, Islam is a peaceful religion, BULLSHIT !!!!!!! There are many times when it refers to violence. So go strap on your suicide bomb and blow yourself up. yey, one less feeble minded prick ion the world.",1,/content/drive/MyDrive/IPD/code/audio/claude_tts/audio_416.mp3
80079,FUCK CHRISTIANS! THESE DINOSAURS ARE TRYING TO TAKE AWAY WOMENS RIGHTS! These sick bastards support incest and want to punish the poor. Late term abortion.,1,/content/drive/MyDrive/IPD/code/audio/claude_tts/audio_417.mp3
95592,"yeah, heres a clue for the nigger author of this article. Chinks hate niggers, Kikes hate niggers, Spicks hate niggers and Towelheads hate niggers. EVen niggers hate niggers. Black Africans hate the gauche lazy American blacks because they have no morals or work ethic. Niggrus Americanus is the lowest form of human (if you can even call them that) on the planet, we should erase them",1,/content/drive/MyDrive/IPD/code/audio/claude_tts/audio_418.mp3
64080,"This is an issue about you racist Republicans......... if you think you are better because of skin color, you need to go to hell, ðŸ–•ðŸ½",1,/content/drive/MyDrive/IPD/code/audio/claude_tts/audio_419.mp3
59094,I would love to rape you and fill all of your holes with cum,1,/content/drive/MyDrive/IPD/code/audio/claude_tts/audio_420.mp3
60290,@Filamental2 @frostytea_ fuck off british faggot,1,/content/drive/MyDrive/IPD/code/audio/claude_tts/audio_421.mp3
114837,That's no excuse for stealing other people's technology and research and intellectual property You're all a bunch of human cockroaches is what you are And your food is disgusting on top of that you assholes will eat anything to the point where you'll make any creature go extinct because of your fucking appetites You chinks are determined to eat every Pangolin until they are all wiped off the earth,1,/content/drive/MyDrive/IPD/code/audio/claude_tts/audio_422.mp3
113041,"@Cam_Coles You don't know what I know. Name somebody colder, you monkey faced immigrant",1,/content/drive/MyDrive/IPD/code/audio/claude_tts/audio_423.mp3
100394,#whitepower...I'll hang you nigger,1,/content/drive/MyDrive/IPD/code/audio/claude_tts/audio_424.mp3
33515,"NTA, fuck that fat bitch and her purse",1,/content/drive/MyDrive/IPD/code/audio/claude_tts/audio_425.mp3
111598,"GEEZ..... I think #NorthKorea may be right. #BarackObama is a monkey! Surely acts like one.   URL""",1,/content/drive/MyDrive/IPD/code/audio/claude_tts/audio_426.mp3
29946,Fuck you and you're stupid fucking love shit. You wouldn't know love if it was a dildo that went up your fat fucking ass you god damn mongoloid.,1,/content/drive/MyDrive/IPD/code/audio/claude_tts/audio_427.mp3
114076,That's no excuse for stealing other people's technology and research and intellectual property You're all a bunch of human cockroaches is what you are And your food is disgusting on top of that you assholes will eat anything to the point where you'll make any creature go extinct because of your fucking appetites You chinks are determined to eat every Pangolin until they are all wiped off the earth,1,/content/drive/MyDrive/IPD/code/audio/claude_tts/audio_428.mp3
62683,Incel neckbeards who can't handle the idea of a woman profiting from her sexuality. Fuck those people who reported her.,1,/content/drive/MyDrive/IPD/code/audio/claude_tts/audio_429.mp3
3606,Fuck these shallow ass bitches. give em nothing but dick,1,/content/drive/MyDrive/IPD/code/audio/claude_tts/audio_430.mp3
